Metabolite,max flux,min flux
d-lactate,-2.898034079853865e-15,0.0
acetate,0.0,0.0
ethanol,-7.126653805256452e-15,0.0
succinate,8.833327741295313e-15,0.0
